{
    "variable": [
        {
            "id": "baseUrl",
            "key": "baseUrl",
            "type": "string",
            "name": "string",
            "value": "http:\/\/nt-cms-backend.test"
        }
    ],
    "info": {
        "name": "Laravel",
        "_postman_id": "d052dc40-e3d8-4c1f-91a2-e4ed78124773",
        "description": "",
        "schema": "https:\/\/schema.getpostman.com\/json\/collection\/v2.1.0\/collection.json"
    },
    "item": [
        {
            "name": "Authenticate",
            "description": "\nAPIs for Authenticate",
            "item": [
                {
                    "name": "Create a new user",
                    "request": {
                        "url": {
                            "host": "{{baseUrl}}",
                            "path": "api\/v1\/register",
                            "query": [],
                            "raw": "{{baseUrl}}\/api\/v1\/register"
                        },
                        "method": "POST",
                        "header": [
                            {
                                "key": "Content-Type",
                                "value": "application\/json"
                            },
                            {
                                "key": "Accept",
                                "value": "application\/json"
                            }
                        ],
                        "body": {
                            "mode": "raw",
                            "raw": "{\"name\":\"ntdvxidaompzawprtty\",\"email\":\"krajcik.quinn@example.org\",\"password\":\"9tfIAdiLhAU:\"}"
                        },
                        "description": "",
                        "auth": {
                            "type": "noauth"
                        }
                    },
                    "response": []
                },
                {
                    "name": "Sign in a user",
                    "request": {
                        "url": {
                            "host": "{{baseUrl}}",
                            "path": "api\/v1\/auth\/login",
                            "query": [],
                            "raw": "{{baseUrl}}\/api\/v1\/auth\/login"
                        },
                        "method": "POST",
                        "header": [
                            {
                                "key": "Content-Type",
                                "value": "application\/json"
                            },
                            {
                                "key": "Accept",
                                "value": "application\/json"
                            }
                        ],
                        "body": {
                            "mode": "raw",
                            "raw": "{\"email\":\"jakayla71@example.org\",\"password\":\"perspiciatis\"}"
                        },
                        "description": "Get a JWT via given credentials.",
                        "auth": {
                            "type": "noauth"
                        }
                    },
                    "response": []
                },
                {
                    "name": "Refresh Token",
                    "request": {
                        "url": {
                            "host": "{{baseUrl}}",
                            "path": "api\/v1\/auth\/refresh",
                            "query": [],
                            "raw": "{{baseUrl}}\/api\/v1\/auth\/refresh"
                        },
                        "method": "POST",
                        "header": [
                            {
                                "key": "Content-Type",
                                "value": "application\/json"
                            },
                            {
                                "key": "Accept",
                                "value": "application\/json"
                            }
                        ],
                        "body": null,
                        "description": "Get a new JWT Token via given refresh token and old access token."
                    },
                    "response": []
                },
                {
                    "name": "Sign out a user",
                    "request": {
                        "url": {
                            "host": "{{baseUrl}}",
                            "path": "api\/v1\/auth\/logout",
                            "query": [],
                            "raw": "{{baseUrl}}\/api\/v1\/auth\/logout"
                        },
                        "method": "DELETE",
                        "header": [
                            {
                                "key": "Content-Type",
                                "value": "application\/json"
                            },
                            {
                                "key": "Accept",
                                "value": "application\/json"
                            }
                        ],
                        "body": null,
                        "description": "This endpoint lets you logout and destroy a token."
                    },
                    "response": []
                },
                {
                    "name": "Get a user",
                    "request": {
                        "url": {
                            "host": "{{baseUrl}}",
                            "path": "api\/v1\/auth\/me",
                            "query": [],
                            "raw": "{{baseUrl}}\/api\/v1\/auth\/me"
                        },
                        "method": "GET",
                        "header": [
                            {
                                "key": "Content-Type",
                                "value": "application\/json"
                            },
                            {
                                "key": "Accept",
                                "value": "application\/json"
                            }
                        ],
                        "body": null,
                        "description": "This endpoint lets you get a user."
                    },
                    "response": [
                        {
                            "header": [
                                {
                                    "key": "cache-control",
                                    "value": "no-cache, private"
                                },
                                {
                                    "key": "content-type",
                                    "value": "application\/json"
                                },
                                {
                                    "key": "vary",
                                    "value": "Origin"
                                }
                            ],
                            "code": 401,
                            "body": "{\"error\":\"Unauthorized\",\"code\":401,\"message\":\"Wrong number of segments\"}",
                            "name": ""
                        }
                    ]
                }
            ]
        },
        {
            "name": "Blocks",
            "description": "\nAPIs for Blocks",
            "item": [
                {
                    "name": "Display a listing of the resource.",
                    "request": {
                        "url": {
                            "host": "{{baseUrl}}",
                            "path": "api\/v1\/blocks",
                            "query": [],
                            "raw": "{{baseUrl}}\/api\/v1\/blocks"
                        },
                        "method": "GET",
                        "header": [
                            {
                                "key": "Content-Type",
                                "value": "application\/json"
                            },
                            {
                                "key": "Accept",
                                "value": "application\/json"
                            }
                        ],
                        "body": null,
                        "description": ""
                    },
                    "response": [
                        {
                            "header": [
                                {
                                    "key": "cache-control",
                                    "value": "no-cache, private"
                                },
                                {
                                    "key": "content-type",
                                    "value": "application\/json"
                                },
                                {
                                    "key": "vary",
                                    "value": "Origin"
                                }
                            ],
                            "code": 200,
                            "body": "{\"data\":[],\"links\":{\"first\":\"http:\\\/\\\/nt-cms-backend.test\\\/api\\\/v1\\\/blocks?page=1\",\"last\":\"http:\\\/\\\/nt-cms-backend.test\\\/api\\\/v1\\\/blocks?page=1\",\"prev\":null,\"next\":null},\"meta\":{\"current_page\":1,\"from\":null,\"last_page\":1,\"links\":[{\"url\":null,\"label\":\"&laquo; Previous\",\"active\":false},{\"url\":\"http:\\\/\\\/nt-cms-backend.test\\\/api\\\/v1\\\/blocks?page=1\",\"label\":\"1\",\"active\":true},{\"url\":null,\"label\":\"Next &raquo;\",\"active\":false}],\"path\":\"http:\\\/\\\/nt-cms-backend.test\\\/api\\\/v1\\\/blocks\",\"per_page\":20,\"to\":null,\"total\":0}}",
                            "name": ""
                        }
                    ]
                },
                {
                    "name": "Store a newly created resource in storage.",
                    "request": {
                        "url": {
                            "host": "{{baseUrl}}",
                            "path": "api\/v1\/blocks",
                            "query": [],
                            "raw": "{{baseUrl}}\/api\/v1\/blocks"
                        },
                        "method": "POST",
                        "header": [
                            {
                                "key": "Content-Type",
                                "value": "application\/json"
                            },
                            {
                                "key": "Accept",
                                "value": "application\/json"
                            }
                        ],
                        "body": {
                            "mode": "raw",
                            "raw": "{\"label\":\"sed\",\"media\":\"ut\",\"content\":\"quod\",\"category\":\"ut\"}"
                        },
                        "description": ""
                    },
                    "response": []
                },
                {
                    "name": "Display the specified resource.",
                    "request": {
                        "url": {
                            "host": "{{baseUrl}}",
                            "path": "api\/v1\/blocks\/:id",
                            "query": [],
                            "raw": "{{baseUrl}}\/api\/v1\/blocks\/:id",
                            "variable": [
                                {
                                    "id": "id",
                                    "key": "id",
                                    "value": "5",
                                    "description": "The ID of the block."
                                }
                            ]
                        },
                        "method": "GET",
                        "header": [
                            {
                                "key": "Content-Type",
                                "value": "application\/json"
                            },
                            {
                                "key": "Accept",
                                "value": "application\/json"
                            }
                        ],
                        "body": null,
                        "description": ""
                    },
                    "response": [
                        {
                            "header": [
                                {
                                    "key": "cache-control",
                                    "value": "no-cache, private"
                                },
                                {
                                    "key": "content-type",
                                    "value": "application\/json"
                                },
                                {
                                    "key": "vary",
                                    "value": "Origin"
                                }
                            ],
                            "code": 404,
                            "body": "{\n    \"message\": \"No query results for model [App\\\\Models\\\\Block] 5\"\n}",
                            "name": ""
                        }
                    ]
                },
                {
                    "name": "Update the specified resource in storage.",
                    "request": {
                        "url": {
                            "host": "{{baseUrl}}",
                            "path": "api\/v1\/blocks\/:id",
                            "query": [],
                            "raw": "{{baseUrl}}\/api\/v1\/blocks\/:id",
                            "variable": [
                                {
                                    "id": "id",
                                    "key": "id",
                                    "value": "6",
                                    "description": "The ID of the block."
                                }
                            ]
                        },
                        "method": "PUT",
                        "header": [
                            {
                                "key": "Content-Type",
                                "value": "application\/json"
                            },
                            {
                                "key": "Accept",
                                "value": "application\/json"
                            }
                        ],
                        "body": {
                            "mode": "raw",
                            "raw": "{\"label\":\"omnis\",\"media\":\"adipisci\",\"content\":\"at\",\"category\":\"aspernatur\"}"
                        },
                        "description": ""
                    },
                    "response": []
                },
                {
                    "name": "DELETE api\/v1\/blocks\/{id}",
                    "request": {
                        "url": {
                            "host": "{{baseUrl}}",
                            "path": "api\/v1\/blocks\/:id",
                            "query": [],
                            "raw": "{{baseUrl}}\/api\/v1\/blocks\/:id",
                            "variable": [
                                {
                                    "id": "id",
                                    "key": "id",
                                    "value": "7",
                                    "description": "The ID of the block."
                                }
                            ]
                        },
                        "method": "DELETE",
                        "header": [
                            {
                                "key": "Content-Type",
                                "value": "application\/json"
                            },
                            {
                                "key": "Accept",
                                "value": "application\/json"
                            }
                        ],
                        "body": null,
                        "description": ""
                    },
                    "response": []
                }
            ]
        },
        {
            "name": "Endpoints",
            "description": "",
            "item": [
                {
                    "name": "Display a listing of the resource.",
                    "request": {
                        "url": {
                            "host": "{{baseUrl}}",
                            "path": "api\/v1\/user-has-organizations",
                            "query": [],
                            "raw": "{{baseUrl}}\/api\/v1\/user-has-organizations"
                        },
                        "method": "GET",
                        "header": [
                            {
                                "key": "Content-Type",
                                "value": "application\/json"
                            },
                            {
                                "key": "Accept",
                                "value": "application\/json"
                            }
                        ],
                        "body": null,
                        "description": ""
                    },
                    "response": [
                        {
                            "header": [
                                {
                                    "key": "cache-control",
                                    "value": "no-cache, private"
                                },
                                {
                                    "key": "content-type",
                                    "value": "application\/json"
                                },
                                {
                                    "key": "vary",
                                    "value": "Origin"
                                }
                            ],
                            "code": 200,
                            "body": "{\"data\":[],\"links\":{\"first\":\"http:\\\/\\\/nt-cms-backend.test\\\/api\\\/v1\\\/user-has-organizations?page=1\",\"last\":\"http:\\\/\\\/nt-cms-backend.test\\\/api\\\/v1\\\/user-has-organizations?page=1\",\"prev\":null,\"next\":null},\"meta\":{\"current_page\":1,\"from\":null,\"last_page\":1,\"links\":[{\"url\":null,\"label\":\"&laquo; Previous\",\"active\":false},{\"url\":\"http:\\\/\\\/nt-cms-backend.test\\\/api\\\/v1\\\/user-has-organizations?page=1\",\"label\":\"1\",\"active\":true},{\"url\":null,\"label\":\"Next &raquo;\",\"active\":false}],\"path\":\"http:\\\/\\\/nt-cms-backend.test\\\/api\\\/v1\\\/user-has-organizations\",\"per_page\":20,\"to\":null,\"total\":0}}",
                            "name": ""
                        }
                    ]
                },
                {
                    "name": "Store a newly created resource in storage.",
                    "request": {
                        "url": {
                            "host": "{{baseUrl}}",
                            "path": "api\/v1\/user-has-organizations",
                            "query": [],
                            "raw": "{{baseUrl}}\/api\/v1\/user-has-organizations"
                        },
                        "method": "POST",
                        "header": [
                            {
                                "key": "Content-Type",
                                "value": "application\/json"
                            },
                            {
                                "key": "Accept",
                                "value": "application\/json"
                            }
                        ],
                        "body": {
                            "mode": "raw",
                            "raw": "{\"user_id\":\"nesciunt\",\"organization_id\":\"ipsa\"}"
                        },
                        "description": ""
                    },
                    "response": []
                },
                {
                    "name": "Display the specified resource.",
                    "request": {
                        "url": {
                            "host": "{{baseUrl}}",
                            "path": "api\/v1\/user-has-organizations\/:id",
                            "query": [],
                            "raw": "{{baseUrl}}\/api\/v1\/user-has-organizations\/:id",
                            "variable": [
                                {
                                    "id": "id",
                                    "key": "id",
                                    "value": "1",
                                    "description": "The ID of the user has organization."
                                }
                            ]
                        },
                        "method": "GET",
                        "header": [
                            {
                                "key": "Content-Type",
                                "value": "application\/json"
                            },
                            {
                                "key": "Accept",
                                "value": "application\/json"
                            }
                        ],
                        "body": null,
                        "description": ""
                    },
                    "response": [
                        {
                            "header": [
                                {
                                    "key": "cache-control",
                                    "value": "no-cache, private"
                                },
                                {
                                    "key": "content-type",
                                    "value": "application\/json"
                                },
                                {
                                    "key": "vary",
                                    "value": "Origin"
                                }
                            ],
                            "code": 400,
                            "body": "{\"error\":\"Bad Request\",\"code\":400,\"message\":\"SQLSTATE[42S22]: Column not found: 1054 Unknown column 'id' in 'where clause' (Connection: mysql, SQL: select * from `user_has_organizations` where `id` = 1 limit 1)\"}",
                            "name": ""
                        }
                    ]
                },
                {
                    "name": "Update the specified resource in storage.",
                    "request": {
                        "url": {
                            "host": "{{baseUrl}}",
                            "path": "api\/v1\/user-has-organizations\/:id",
                            "query": [],
                            "raw": "{{baseUrl}}\/api\/v1\/user-has-organizations\/:id",
                            "variable": [
                                {
                                    "id": "id",
                                    "key": "id",
                                    "value": "12",
                                    "description": "The ID of the user has organization."
                                }
                            ]
                        },
                        "method": "PUT",
                        "header": [
                            {
                                "key": "Content-Type",
                                "value": "application\/json"
                            },
                            {
                                "key": "Accept",
                                "value": "application\/json"
                            }
                        ],
                        "body": {
                            "mode": "raw",
                            "raw": "{\"user_id\":\"et\",\"organization_id\":\"maxime\"}"
                        },
                        "description": ""
                    },
                    "response": []
                },
                {
                    "name": "DELETE api\/v1\/user-has-organizations\/{id}",
                    "request": {
                        "url": {
                            "host": "{{baseUrl}}",
                            "path": "api\/v1\/user-has-organizations\/:id",
                            "query": [],
                            "raw": "{{baseUrl}}\/api\/v1\/user-has-organizations\/:id",
                            "variable": [
                                {
                                    "id": "id",
                                    "key": "id",
                                    "value": "5",
                                    "description": "The ID of the user has organization."
                                }
                            ]
                        },
                        "method": "DELETE",
                        "header": [
                            {
                                "key": "Content-Type",
                                "value": "application\/json"
                            },
                            {
                                "key": "Accept",
                                "value": "application\/json"
                            }
                        ],
                        "body": null,
                        "description": ""
                    },
                    "response": []
                }
            ]
        },
        {
            "name": "Organizations",
            "description": "\nAPIs for Organization",
            "item": [
                {
                    "name": "Display a listing of the resource.",
                    "request": {
                        "url": {
                            "host": "{{baseUrl}}",
                            "path": "api\/v1\/rganizations",
                            "query": [],
                            "raw": "{{baseUrl}}\/api\/v1\/rganizations"
                        },
                        "method": "GET",
                        "header": [
                            {
                                "key": "Content-Type",
                                "value": "application\/json"
                            },
                            {
                                "key": "Accept",
                                "value": "application\/json"
                            }
                        ],
                        "body": null,
                        "description": ""
                    },
                    "response": [
                        {
                            "header": [
                                {
                                    "key": "cache-control",
                                    "value": "no-cache, private"
                                },
                                {
                                    "key": "content-type",
                                    "value": "application\/json"
                                },
                                {
                                    "key": "vary",
                                    "value": "Origin"
                                }
                            ],
                            "code": 200,
                            "body": "{\"data\":[],\"links\":{\"first\":\"http:\\\/\\\/nt-cms-backend.test\\\/api\\\/v1\\\/rganizations?page=1\",\"last\":\"http:\\\/\\\/nt-cms-backend.test\\\/api\\\/v1\\\/rganizations?page=1\",\"prev\":null,\"next\":null},\"meta\":{\"current_page\":1,\"from\":null,\"last_page\":1,\"links\":[{\"url\":null,\"label\":\"&laquo; Previous\",\"active\":false},{\"url\":\"http:\\\/\\\/nt-cms-backend.test\\\/api\\\/v1\\\/rganizations?page=1\",\"label\":\"1\",\"active\":true},{\"url\":null,\"label\":\"Next &raquo;\",\"active\":false}],\"path\":\"http:\\\/\\\/nt-cms-backend.test\\\/api\\\/v1\\\/rganizations\",\"per_page\":20,\"to\":null,\"total\":0}}",
                            "name": ""
                        }
                    ]
                },
                {
                    "name": "Store a newly created resource in storage.",
                    "request": {
                        "url": {
                            "host": "{{baseUrl}}",
                            "path": "api\/v1\/rganizations",
                            "query": [],
                            "raw": "{{baseUrl}}\/api\/v1\/rganizations"
                        },
                        "method": "POST",
                        "header": [
                            {
                                "key": "Content-Type",
                                "value": "application\/json"
                            },
                            {
                                "key": "Accept",
                                "value": "application\/json"
                            }
                        ],
                        "body": {
                            "mode": "raw",
                            "raw": "{\"name\":\"eum\",\"description\":\"Sequi modi perferendis voluptatem error.\"}"
                        },
                        "description": ""
                    },
                    "response": []
                },
                {
                    "name": "Display the specified resource.",
                    "request": {
                        "url": {
                            "host": "{{baseUrl}}",
                            "path": "api\/v1\/rganizations\/:id",
                            "query": [],
                            "raw": "{{baseUrl}}\/api\/v1\/rganizations\/:id",
                            "variable": [
                                {
                                    "id": "id",
                                    "key": "id",
                                    "value": "17",
                                    "description": "The ID of the rganization."
                                }
                            ]
                        },
                        "method": "GET",
                        "header": [
                            {
                                "key": "Content-Type",
                                "value": "application\/json"
                            },
                            {
                                "key": "Accept",
                                "value": "application\/json"
                            }
                        ],
                        "body": null,
                        "description": ""
                    },
                    "response": [
                        {
                            "header": [
                                {
                                    "key": "cache-control",
                                    "value": "no-cache, private"
                                },
                                {
                                    "key": "content-type",
                                    "value": "application\/json"
                                },
                                {
                                    "key": "vary",
                                    "value": "Origin"
                                }
                            ],
                            "code": 200,
                            "body": "[]",
                            "name": ""
                        }
                    ]
                },
                {
                    "name": "Update the specified resource in storage.",
                    "request": {
                        "url": {
                            "host": "{{baseUrl}}",
                            "path": "api\/v1\/rganizations\/:id",
                            "query": [],
                            "raw": "{{baseUrl}}\/api\/v1\/rganizations\/:id",
                            "variable": [
                                {
                                    "id": "id",
                                    "key": "id",
                                    "value": "6",
                                    "description": "The ID of the rganization."
                                }
                            ]
                        },
                        "method": "PUT",
                        "header": [
                            {
                                "key": "Content-Type",
                                "value": "application\/json"
                            },
                            {
                                "key": "Accept",
                                "value": "application\/json"
                            }
                        ],
                        "body": {
                            "mode": "raw",
                            "raw": "{\"name\":\"asperiores\",\"description\":\"Qui aut labore corrupti sunt fuga dicta.\"}"
                        },
                        "description": ""
                    },
                    "response": []
                },
                {
                    "name": "DELETE api\/v1\/rganizations\/{id}",
                    "request": {
                        "url": {
                            "host": "{{baseUrl}}",
                            "path": "api\/v1\/rganizations\/:id",
                            "query": [],
                            "raw": "{{baseUrl}}\/api\/v1\/rganizations\/:id",
                            "variable": [
                                {
                                    "id": "id",
                                    "key": "id",
                                    "value": "13",
                                    "description": "The ID of the rganization."
                                }
                            ]
                        },
                        "method": "DELETE",
                        "header": [
                            {
                                "key": "Content-Type",
                                "value": "application\/json"
                            },
                            {
                                "key": "Accept",
                                "value": "application\/json"
                            }
                        ],
                        "body": null,
                        "description": ""
                    },
                    "response": []
                }
            ]
        },
        {
            "name": "Post Metadata",
            "description": "\nAPIs for Post Metadata",
            "item": [
                {
                    "name": "Display a listing of the resource.",
                    "request": {
                        "url": {
                            "host": "{{baseUrl}}",
                            "path": "api\/v1\/postmeta",
                            "query": [],
                            "raw": "{{baseUrl}}\/api\/v1\/postmeta"
                        },
                        "method": "GET",
                        "header": [
                            {
                                "key": "Content-Type",
                                "value": "application\/json"
                            },
                            {
                                "key": "Accept",
                                "value": "application\/json"
                            }
                        ],
                        "body": null,
                        "description": ""
                    },
                    "response": [
                        {
                            "header": [
                                {
                                    "key": "cache-control",
                                    "value": "no-cache, private"
                                },
                                {
                                    "key": "content-type",
                                    "value": "application\/json"
                                },
                                {
                                    "key": "vary",
                                    "value": "Origin"
                                }
                            ],
                            "code": 200,
                            "body": "{\"data\":[],\"links\":{\"first\":\"http:\\\/\\\/nt-cms-backend.test\\\/api\\\/v1\\\/postmeta?page=1\",\"last\":\"http:\\\/\\\/nt-cms-backend.test\\\/api\\\/v1\\\/postmeta?page=1\",\"prev\":null,\"next\":null},\"meta\":{\"current_page\":1,\"from\":null,\"last_page\":1,\"links\":[{\"url\":null,\"label\":\"&laquo; Previous\",\"active\":false},{\"url\":\"http:\\\/\\\/nt-cms-backend.test\\\/api\\\/v1\\\/postmeta?page=1\",\"label\":\"1\",\"active\":true},{\"url\":null,\"label\":\"Next &raquo;\",\"active\":false}],\"path\":\"http:\\\/\\\/nt-cms-backend.test\\\/api\\\/v1\\\/postmeta\",\"per_page\":20,\"to\":null,\"total\":0}}",
                            "name": ""
                        }
                    ]
                },
                {
                    "name": "Store a newly created resource in storage.",
                    "request": {
                        "url": {
                            "host": "{{baseUrl}}",
                            "path": "api\/v1\/postmeta",
                            "query": [],
                            "raw": "{{baseUrl}}\/api\/v1\/postmeta"
                        },
                        "method": "POST",
                        "header": [
                            {
                                "key": "Content-Type",
                                "value": "application\/json"
                            },
                            {
                                "key": "Accept",
                                "value": "application\/json"
                            }
                        ],
                        "body": {
                            "mode": "raw",
                            "raw": "{\"post_id\":\"odit\",\"meta_key\":\"aut\",\"meta_value\":\"id\"}"
                        },
                        "description": ""
                    },
                    "response": []
                },
                {
                    "name": "Display the specified resource.",
                    "request": {
                        "url": {
                            "host": "{{baseUrl}}",
                            "path": "api\/v1\/postmeta\/:id",
                            "query": [],
                            "raw": "{{baseUrl}}\/api\/v1\/postmeta\/:id",
                            "variable": [
                                {
                                    "id": "id",
                                    "key": "id",
                                    "value": "8",
                                    "description": "The ID of the postmetum."
                                }
                            ]
                        },
                        "method": "GET",
                        "header": [
                            {
                                "key": "Content-Type",
                                "value": "application\/json"
                            },
                            {
                                "key": "Accept",
                                "value": "application\/json"
                            }
                        ],
                        "body": null,
                        "description": ""
                    },
                    "response": [
                        {
                            "header": [
                                {
                                    "key": "cache-control",
                                    "value": "no-cache, private"
                                },
                                {
                                    "key": "content-type",
                                    "value": "application\/json"
                                },
                                {
                                    "key": "vary",
                                    "value": "Origin"
                                }
                            ],
                            "code": 200,
                            "body": "[]",
                            "name": ""
                        }
                    ]
                },
                {
                    "name": "Update the specified resource in storage.",
                    "request": {
                        "url": {
                            "host": "{{baseUrl}}",
                            "path": "api\/v1\/postmeta\/:id",
                            "query": [],
                            "raw": "{{baseUrl}}\/api\/v1\/postmeta\/:id",
                            "variable": [
                                {
                                    "id": "id",
                                    "key": "id",
                                    "value": "14",
                                    "description": "The ID of the postmetum."
                                }
                            ]
                        },
                        "method": "PUT",
                        "header": [
                            {
                                "key": "Content-Type",
                                "value": "application\/json"
                            },
                            {
                                "key": "Accept",
                                "value": "application\/json"
                            }
                        ],
                        "body": {
                            "mode": "raw",
                            "raw": "{\"post_id\":\"quidem\",\"meta_key\":\"iure\",\"meta_value\":\"numquam\"}"
                        },
                        "description": ""
                    },
                    "response": []
                },
                {
                    "name": "DELETE api\/v1\/postmeta\/{id}",
                    "request": {
                        "url": {
                            "host": "{{baseUrl}}",
                            "path": "api\/v1\/postmeta\/:id",
                            "query": [],
                            "raw": "{{baseUrl}}\/api\/v1\/postmeta\/:id",
                            "variable": [
                                {
                                    "id": "id",
                                    "key": "id",
                                    "value": "14",
                                    "description": "The ID of the postmetum."
                                }
                            ]
                        },
                        "method": "DELETE",
                        "header": [
                            {
                                "key": "Content-Type",
                                "value": "application\/json"
                            },
                            {
                                "key": "Accept",
                                "value": "application\/json"
                            }
                        ],
                        "body": null,
                        "description": ""
                    },
                    "response": []
                }
            ]
        },
        {
            "name": "Posts",
            "description": "\nAPIs for Posts",
            "item": [
                {
                    "name": "Get all posts",
                    "request": {
                        "url": {
                            "host": "{{baseUrl}}",
                            "path": "api\/v1\/posts",
                            "query": [],
                            "raw": "{{baseUrl}}\/api\/v1\/posts"
                        },
                        "method": "GET",
                        "header": [
                            {
                                "key": "Content-Type",
                                "value": "application\/json"
                            },
                            {
                                "key": "Accept",
                                "value": "application\/json"
                            }
                        ],
                        "body": null,
                        "description": ""
                    },
                    "response": [
                        {
                            "header": [],
                            "code": 200,
                            "body": "{\n  \"id\": 1,\n  \"name\": \"John Doe\"\n}",
                            "name": ""
                        }
                    ]
                },
                {
                    "name": "Add a new Post",
                    "request": {
                        "url": {
                            "host": "{{baseUrl}}",
                            "path": "api\/v1\/posts",
                            "query": [],
                            "raw": "{{baseUrl}}\/api\/v1\/posts"
                        },
                        "method": "POST",
                        "header": [
                            {
                                "key": "Content-Type",
                                "value": "multipart\/form-data"
                            },
                            {
                                "key": "Accept",
                                "value": "application\/json"
                            }
                        ],
                        "body": {
                            "mode": "formdata",
                            "formdata": [
                                {
                                    "key": "user_id",
                                    "value": "ut",
                                    "type": "text",
                                    "description": ""
                                },
                                {
                                    "key": "type",
                                    "value": "blanditiis",
                                    "type": "text",
                                    "description": ""
                                },
                                {
                                    "key": "slug",
                                    "value": "hic",
                                    "type": "text",
                                    "description": ""
                                },
                                {
                                    "key": "title",
                                    "value": "accusantium",
                                    "type": "text",
                                    "description": "This field is required when <code>type<\/code> is <code>!attachment<\/code>."
                                },
                                {
                                    "key": "excerpt",
                                    "value": "dolores",
                                    "type": "text",
                                    "description": ""
                                },
                                {
                                    "key": "content",
                                    "value": "et",
                                    "type": "text",
                                    "description": "This field is required when <code>type<\/code> is <code>!attachment<\/code>."
                                },
                                {
                                    "key": "data_json",
                                    "value": "autem",
                                    "type": "text",
                                    "description": ""
                                },
                                {
                                    "key": "language",
                                    "value": "officiis",
                                    "type": "text",
                                    "description": ""
                                },
                                {
                                    "key": "status",
                                    "value": "ullam",
                                    "type": "text",
                                    "description": ""
                                },
                                {
                                    "key": "guid",
                                    "value": "impedit",
                                    "type": "text",
                                    "description": ""
                                },
                                {
                                    "key": "menu_order",
                                    "value": "reprehenderit",
                                    "type": "text",
                                    "description": ""
                                },
                                {
                                    "key": "ordered",
                                    "value": "doloribus",
                                    "type": "text",
                                    "description": ""
                                },
                                {
                                    "key": "mime_type",
                                    "value": "iste",
                                    "type": "text",
                                    "description": ""
                                },
                                {
                                    "key": "files[]",
                                    "src": [],
                                    "type": "file"
                                }
                            ]
                        },
                        "description": ""
                    },
                    "response": []
                },
                {
                    "name": "Display the specified resource.",
                    "request": {
                        "url": {
                            "host": "{{baseUrl}}",
                            "path": "api\/v1\/posts\/:id",
                            "query": [],
                            "raw": "{{baseUrl}}\/api\/v1\/posts\/:id",
                            "variable": [
                                {
                                    "id": "id",
                                    "key": "id",
                                    "value": "1",
                                    "description": "The ID of the post."
                                }
                            ]
                        },
                        "method": "GET",
                        "header": [
                            {
                                "key": "Content-Type",
                                "value": "application\/json"
                            },
                            {
                                "key": "Accept",
                                "value": "application\/json"
                            }
                        ],
                        "body": null,
                        "description": ""
                    },
                    "response": [
                        {
                            "header": [
                                {
                                    "key": "cache-control",
                                    "value": "no-cache, private"
                                },
                                {
                                    "key": "content-type",
                                    "value": "application\/json"
                                },
                                {
                                    "key": "vary",
                                    "value": "Origin"
                                }
                            ],
                            "code": 200,
                            "body": "{\"id\":1,\"user_id\":2,\"organization_id\":null,\"type\":\"page\",\"parent_id\":null,\"slug\":null,\"title\":\"test data\",\"excerpt\":null,\"data_json\":\"{\\\"assets\\\":[],\\\"styles\\\":[{\\\"selectors\\\":[\\\"#il82\\\"],\\\"style\\\":{\\\"display\\\":\\\"inline-block\\\",\\\"padding\\\":\\\"5px\\\",\\\"min-width\\\":\\\"50px\\\",\\\"min-height\\\":\\\"50px\\\"}}],\\\"pages\\\":[{\\\"frames\\\":[{\\\"component\\\":{\\\"type\\\":\\\"wrapper\\\",\\\"stylable\\\":[\\\"background\\\",\\\"background-color\\\",\\\"background-image\\\",\\\"background-repeat\\\",\\\"background-attachment\\\",\\\"background-position\\\",\\\"background-size\\\"],\\\"components\\\":[{\\\"type\\\":\\\"link\\\",\\\"droppable\\\":true,\\\"editable\\\":false,\\\"attributes\\\":{\\\"id\\\":\\\"il82\\\"}},{\\\"tagName\\\":\\\"blockquote\\\",\\\"type\\\":\\\"text\\\",\\\"classes\\\":[\\\"quote\\\"],\\\"components\\\":[{\\\"type\\\":\\\"textnode\\\",\\\"content\\\":\\\"\\\\n        Lorem ipsum dolor sit amet, consectetur adipiscing elit, sed do eiusmod tempor incididunt ut labore ipsum dolor sit\\\\n      \\\"}]},{\\\"tagName\\\":\\\"blockquote\\\",\\\"type\\\":\\\"text\\\",\\\"classes\\\":[\\\"quote\\\"],\\\"components\\\":[{\\\"type\\\":\\\"textnode\\\",\\\"content\\\":\\\"\\\\n        Lorem ipsum dolor sit amet, consectetur adipiscing elit, sed do eiusmod tempor incididunt ut labore ipsum dolor sit\\\\n      \\\"}]}],\\\"head\\\":{\\\"type\\\":\\\"head\\\"},\\\"docEl\\\":{\\\"tagName\\\":\\\"html\\\"}},\\\"id\\\":\\\"8LIe552R5lZcErpn\\\"}],\\\"id\\\":\\\"8XyEee03XvFVtrLg\\\",\\\"type\\\":\\\"main\\\"}],\\\"symbols\\\":[],\\\"dataSources\\\":[]}\",\"content\":\"<body><a id=\\\"il82\\\"><\\\/a><blockquote class=\\\"quote\\\">\\n        Lorem ipsum dolor sit amet, consectetur adipiscing elit, sed do eiusmod tempor incididunt ut labore ipsum dolor sit\\n      <\\\/blockquote><blockquote class=\\\"quote\\\">\\n        Lorem ipsum dolor sit amet, consectetur adipiscing elit, sed do eiusmod tempor incididunt ut labore ipsum dolor sit\\n      <\\\/blockquote><\\\/body>\",\"custom_css\":\"* { box-sizing: border-box; } body {margin: 0;}#il82{display:inline-block;padding:5px;min-width:50px;min-height:50px;}\",\"custom_js\":null,\"language\":\"th\",\"status\":\"draft\",\"password\":null,\"guid\":\"\\\/test-data\",\"menu_order\":0,\"ordered\":0,\"mime_type\":null,\"published_at\":null,\"published_by\":null,\"created_at\":\"2024-11-05T04:56:32.000000Z\",\"created_by\":null,\"updated_at\":\"2024-11-14T05:42:01.000000Z\",\"updated_by\":null,\"deleted_at\":null,\"deleted_by\":null}",
                            "name": ""
                        }
                    ]
                },
                {
                    "name": "Update the specified resource in storage.",
                    "request": {
                        "url": {
                            "host": "{{baseUrl}}",
                            "path": "api\/v1\/posts\/:id",
                            "query": [],
                            "raw": "{{baseUrl}}\/api\/v1\/posts\/:id",
                            "variable": [
                                {
                                    "id": "id",
                                    "key": "id",
                                    "value": "1",
                                    "description": "The ID of the post."
                                }
                            ]
                        },
                        "method": "PUT",
                        "header": [
                            {
                                "key": "Content-Type",
                                "value": "application\/json"
                            },
                            {
                                "key": "Accept",
                                "value": "application\/json"
                            }
                        ],
                        "body": null,
                        "description": ""
                    },
                    "response": []
                },
                {
                    "name": "DELETE api\/v1\/posts\/{id}",
                    "request": {
                        "url": {
                            "host": "{{baseUrl}}",
                            "path": "api\/v1\/posts\/:id",
                            "query": [],
                            "raw": "{{baseUrl}}\/api\/v1\/posts\/:id",
                            "variable": [
                                {
                                    "id": "id",
                                    "key": "id",
                                    "value": "1",
                                    "description": "The ID of the post."
                                }
                            ]
                        },
                        "method": "DELETE",
                        "header": [
                            {
                                "key": "Content-Type",
                                "value": "application\/json"
                            },
                            {
                                "key": "Accept",
                                "value": "application\/json"
                            }
                        ],
                        "body": null,
                        "description": ""
                    },
                    "response": []
                }
            ]
        },
        {
            "name": "Templates",
            "description": "\nAPIs for Templates",
            "item": [
                {
                    "name": "Display a listing of the resource.",
                    "request": {
                        "url": {
                            "host": "{{baseUrl}}",
                            "path": "api\/v1\/templates",
                            "query": [],
                            "raw": "{{baseUrl}}\/api\/v1\/templates"
                        },
                        "method": "GET",
                        "header": [
                            {
                                "key": "Content-Type",
                                "value": "application\/json"
                            },
                            {
                                "key": "Accept",
                                "value": "application\/json"
                            }
                        ],
                        "body": null,
                        "description": ""
                    },
                    "response": [
                        {
                            "header": [
                                {
                                    "key": "cache-control",
                                    "value": "no-cache, private"
                                },
                                {
                                    "key": "content-type",
                                    "value": "application\/json"
                                },
                                {
                                    "key": "vary",
                                    "value": "Origin"
                                }
                            ],
                            "code": 200,
                            "body": "{\"data\":[],\"links\":{\"first\":\"http:\\\/\\\/nt-cms-backend.test\\\/api\\\/v1\\\/templates?page=1\",\"last\":\"http:\\\/\\\/nt-cms-backend.test\\\/api\\\/v1\\\/templates?page=1\",\"prev\":null,\"next\":null},\"meta\":{\"current_page\":1,\"from\":null,\"last_page\":1,\"links\":[{\"url\":null,\"label\":\"&laquo; Previous\",\"active\":false},{\"url\":\"http:\\\/\\\/nt-cms-backend.test\\\/api\\\/v1\\\/templates?page=1\",\"label\":\"1\",\"active\":true},{\"url\":null,\"label\":\"Next &raquo;\",\"active\":false}],\"path\":\"http:\\\/\\\/nt-cms-backend.test\\\/api\\\/v1\\\/templates\",\"per_page\":20,\"to\":null,\"total\":0}}",
                            "name": ""
                        }
                    ]
                },
                {
                    "name": "Store a newly created resource in storage.",
                    "request": {
                        "url": {
                            "host": "{{baseUrl}}",
                            "path": "api\/v1\/templates",
                            "query": [],
                            "raw": "{{baseUrl}}\/api\/v1\/templates"
                        },
                        "method": "POST",
                        "header": [
                            {
                                "key": "Content-Type",
                                "value": "application\/json"
                            },
                            {
                                "key": "Accept",
                                "value": "application\/json"
                            }
                        ],
                        "body": {
                            "mode": "raw",
                            "raw": "{\"name\":\"sunt\",\"thumbnail\":\"in\",\"data\":\"necessitatibus\"}"
                        },
                        "description": ""
                    },
                    "response": []
                },
                {
                    "name": "Display the specified resource.",
                    "request": {
                        "url": {
                            "host": "{{baseUrl}}",
                            "path": "api\/v1\/templates\/:id",
                            "query": [],
                            "raw": "{{baseUrl}}\/api\/v1\/templates\/:id",
                            "variable": [
                                {
                                    "id": "id",
                                    "key": "id",
                                    "value": "20",
                                    "description": "The ID of the template."
                                }
                            ]
                        },
                        "method": "GET",
                        "header": [
                            {
                                "key": "Content-Type",
                                "value": "application\/json"
                            },
                            {
                                "key": "Accept",
                                "value": "application\/json"
                            }
                        ],
                        "body": null,
                        "description": ""
                    },
                    "response": [
                        {
                            "header": [
                                {
                                    "key": "cache-control",
                                    "value": "no-cache, private"
                                },
                                {
                                    "key": "content-type",
                                    "value": "application\/json"
                                },
                                {
                                    "key": "vary",
                                    "value": "Origin"
                                }
                            ],
                            "code": 404,
                            "body": "{\n    \"message\": \"No query results for model [App\\\\Models\\\\Template] 20\"\n}",
                            "name": ""
                        }
                    ]
                },
                {
                    "name": "Update the specified resource in storage.",
                    "request": {
                        "url": {
                            "host": "{{baseUrl}}",
                            "path": "api\/v1\/templates\/:id",
                            "query": [],
                            "raw": "{{baseUrl}}\/api\/v1\/templates\/:id",
                            "variable": [
                                {
                                    "id": "id",
                                    "key": "id",
                                    "value": "14",
                                    "description": "The ID of the template."
                                }
                            ]
                        },
                        "method": "PUT",
                        "header": [
                            {
                                "key": "Content-Type",
                                "value": "application\/json"
                            },
                            {
                                "key": "Accept",
                                "value": "application\/json"
                            }
                        ],
                        "body": {
                            "mode": "raw",
                            "raw": "{\"name\":\"incidunt\",\"thumbnail\":\"sunt\",\"data\":\"fuga\"}"
                        },
                        "description": ""
                    },
                    "response": []
                },
                {
                    "name": "DELETE api\/v1\/templates\/{id}",
                    "request": {
                        "url": {
                            "host": "{{baseUrl}}",
                            "path": "api\/v1\/templates\/:id",
                            "query": [],
                            "raw": "{{baseUrl}}\/api\/v1\/templates\/:id",
                            "variable": [
                                {
                                    "id": "id",
                                    "key": "id",
                                    "value": "10",
                                    "description": "The ID of the template."
                                }
                            ]
                        },
                        "method": "DELETE",
                        "header": [
                            {
                                "key": "Content-Type",
                                "value": "application\/json"
                            },
                            {
                                "key": "Accept",
                                "value": "application\/json"
                            }
                        ],
                        "body": null,
                        "description": ""
                    },
                    "response": []
                }
            ]
        },
        {
            "name": "User meta data",
            "description": "\nAPIs for User meta data",
            "item": [
                {
                    "name": "Display a listing of the resource.",
                    "request": {
                        "url": {
                            "host": "{{baseUrl}}",
                            "path": "api\/v1\/usermeta",
                            "query": [],
                            "raw": "{{baseUrl}}\/api\/v1\/usermeta"
                        },
                        "method": "GET",
                        "header": [
                            {
                                "key": "Content-Type",
                                "value": "application\/json"
                            },
                            {
                                "key": "Accept",
                                "value": "application\/json"
                            }
                        ],
                        "body": null,
                        "description": ""
                    },
                    "response": [
                        {
                            "header": [
                                {
                                    "key": "cache-control",
                                    "value": "no-cache, private"
                                },
                                {
                                    "key": "content-type",
                                    "value": "application\/json"
                                },
                                {
                                    "key": "vary",
                                    "value": "Origin"
                                }
                            ],
                            "code": 400,
                            "body": "{\"error\":\"Bad Request\",\"code\":400,\"message\":\"SQLSTATE[42S02]: Base table or view not found: 1146 Table 'nt_cms_backend.user_meta' doesn't exist (Connection: mysql, SQL: select count(*) as aggregate from `user_meta`)\"}",
                            "name": ""
                        }
                    ]
                },
                {
                    "name": "Store a newly created resource in storage.",
                    "request": {
                        "url": {
                            "host": "{{baseUrl}}",
                            "path": "api\/v1\/usermeta",
                            "query": [],
                            "raw": "{{baseUrl}}\/api\/v1\/usermeta"
                        },
                        "method": "POST",
                        "header": [
                            {
                                "key": "Content-Type",
                                "value": "application\/json"
                            },
                            {
                                "key": "Accept",
                                "value": "application\/json"
                            }
                        ],
                        "body": {
                            "mode": "raw",
                            "raw": "{\"user_id\":\"hic\",\"meta_key\":\"sit\",\"meta_value\":\"consectetur\"}"
                        },
                        "description": ""
                    },
                    "response": []
                },
                {
                    "name": "Display the specified resource.",
                    "request": {
                        "url": {
                            "host": "{{baseUrl}}",
                            "path": "api\/v1\/usermeta\/:id",
                            "query": [],
                            "raw": "{{baseUrl}}\/api\/v1\/usermeta\/:id",
                            "variable": [
                                {
                                    "id": "id",
                                    "key": "id",
                                    "value": "19",
                                    "description": "The ID of the usermetum."
                                }
                            ]
                        },
                        "method": "GET",
                        "header": [
                            {
                                "key": "Content-Type",
                                "value": "application\/json"
                            },
                            {
                                "key": "Accept",
                                "value": "application\/json"
                            }
                        ],
                        "body": null,
                        "description": ""
                    },
                    "response": [
                        {
                            "header": [
                                {
                                    "key": "cache-control",
                                    "value": "no-cache, private"
                                },
                                {
                                    "key": "content-type",
                                    "value": "application\/json"
                                },
                                {
                                    "key": "vary",
                                    "value": "Origin"
                                }
                            ],
                            "code": 200,
                            "body": "[]",
                            "name": ""
                        }
                    ]
                },
                {
                    "name": "Update the specified resource in storage.",
                    "request": {
                        "url": {
                            "host": "{{baseUrl}}",
                            "path": "api\/v1\/usermeta\/:id",
                            "query": [],
                            "raw": "{{baseUrl}}\/api\/v1\/usermeta\/:id",
                            "variable": [
                                {
                                    "id": "id",
                                    "key": "id",
                                    "value": "3",
                                    "description": "The ID of the usermetum."
                                }
                            ]
                        },
                        "method": "PUT",
                        "header": [
                            {
                                "key": "Content-Type",
                                "value": "application\/json"
                            },
                            {
                                "key": "Accept",
                                "value": "application\/json"
                            }
                        ],
                        "body": {
                            "mode": "raw",
                            "raw": "{\"user_id\":\"porro\",\"meta_key\":\"consequatur\",\"meta_value\":\"et\"}"
                        },
                        "description": ""
                    },
                    "response": []
                },
                {
                    "name": "DELETE api\/v1\/usermeta\/{id}",
                    "request": {
                        "url": {
                            "host": "{{baseUrl}}",
                            "path": "api\/v1\/usermeta\/:id",
                            "query": [],
                            "raw": "{{baseUrl}}\/api\/v1\/usermeta\/:id",
                            "variable": [
                                {
                                    "id": "id",
                                    "key": "id",
                                    "value": "20",
                                    "description": "The ID of the usermetum."
                                }
                            ]
                        },
                        "method": "DELETE",
                        "header": [
                            {
                                "key": "Content-Type",
                                "value": "application\/json"
                            },
                            {
                                "key": "Accept",
                                "value": "application\/json"
                            }
                        ],
                        "body": null,
                        "description": ""
                    },
                    "response": []
                }
            ]
        }
    ],
    "auth": {
        "type": "bearer",
        "bearer": [
            {
                "key": "key",
                "type": "string"
            }
        ]
    }
}